-- Clear existing data
DELETE FROM warmguys_sales;
DELETE FROM mrs_sales;
DELETE FROM apgujeong_sales;
DELETE FROM geukjin_sales;

-- Create dummy data for warmguys_sales (지주사)
INSERT INTO warmguys_sales (date, coupang_rocket, smart_store, coupang_wing, other_online, wholesale, export, total_sales, refund_amount, order_count, notes)
VALUES
  ('2025-05-01', 1450000, 950000, 550000, 250000, 2500000, 1200000, 6900000, 120000, 138, '월초 할인 이벤트'),
  ('2025-05-02', 1320000, 1100000, 480000, 310000, 2100000, 1500000, 6810000, 95000, 136, ''),
  ('2025-05-03', 1550000, 1020000, 620000, 350000, 1900000, 1700000, 7140000, 110000, 143, '주말 매출 증가'),
  ('2025-05-04', 1600000, 1080000, 580000, 390000, 1800000, 1800000, 7250000, 105000, 145, '주말 매출 호조'),
  ('2025-05-05', 1300000, 920000, 470000, 280000, 2300000, 1100000, 6370000, 130000, 127, '어린이날 특별 할인'),
  ('2025-05-06', 1480000, 990000, 510000, 320000, 2000000, 1400000, 6700000, 115000, 134, ''),
  ('2025-05-07', 1530000, 1010000, 590000, 330000, 2200000, 1600000, 7260000, 100000, 145, ''),
  ('2025-05-08', 1390000, 970000, 530000, 300000, 2400000, 1300000, 6890000, 125000, 138, ''),
  ('2025-05-09', 1420000, 1050000, 560000, 340000, 2150000, 1450000, 6970000, 110000, 139, ''),
  ('2025-05-10', 1580000, 1120000, 600000, 380000, 1950000, 1650000, 7280000, 105000, 146, '주말 매출 증가'),
  ('2025-05-11', 1620000, 1160000, 620000, 400000, 1850000, 1750000, 7400000, 90000, 148, '주말 매출 호조'),
  ('2025-05-12', 1350000, 940000, 490000, 290000, 2250000, 1200000, 6520000, 120000, 130, ''),
  ('2025-05-13', 1460000, 980000, 520000, 310000, 2050000, 1350000, 6670000, 130000, 133, ''),
  ('2025-05-14', 1510000, 1030000, 570000, 330000, 2180000, 1550000, 7170000, 115000, 143, ''),
  ('2025-05-15', 1680000, 1200000, 640000, 420000, 2300000, 1900000, 8140000, 95000, 163, '중순 급상승'),
  ('2025-05-16', 1700000, 1250000, 680000, 450000, 2400000, 2000000, 8480000, 85000, 170, '프로모션 효과'),
  ('2025-05-17', 1750000, 1300000, 700000, 470000, 2350000, 2100000, 8670000, 80000, 173, '주말 최고 매출'),
  ('2025-05-18', 1720000, 1280000, 690000, 460000, 2250000, 2050000, 8450000, 90000, 169, '주말 호조세 지속'),
  ('2025-05-19', 1430000, 1050000, 550000, 320000, 2100000, 1400000, 6850000, 110000, 137, '주초 안정화'),
  ('2025-05-20', 1490000, 1100000, 580000, 340000, 2150000, 1500000, 7160000, 100000, 143, '오늘');

-- Create dummy data for mrs_sales (엠알에스)
INSERT INTO mrs_sales (date, coupang_rocket, smart_store, coupang_wing, other_online, wholesale, export, total_sales, refund_amount, order_count, notes)
VALUES
  ('2025-05-01', 1450000, 950000, 550000, 250000, 0, 0, 3200000, 120000, 64, '월초 할인 이벤트'),
  ('2025-05-02', 1320000, 1100000, 480000, 310000, 0, 0, 3210000, 95000, 64, ''),
  ('2025-05-03', 1550000, 1020000, 620000, 350000, 0, 0, 3540000, 110000, 71, '주말 매출 증가'),
  ('2025-05-04', 1600000, 1080000, 580000, 390000, 0, 0, 3650000, 105000, 73, '주말 매출 호조'),
  ('2025-05-05', 1300000, 920000, 470000, 280000, 0, 0, 2970000, 130000, 59, '어린이날 특별 할인'),
  ('2025-05-06', 1480000, 990000, 510000, 320000, 0, 0, 3300000, 115000, 66, ''),
  ('2025-05-07', 1530000, 1010000, 590000, 330000, 0, 0, 3460000, 100000, 69, ''),
  ('2025-05-08', 1390000, 970000, 530000, 300000, 0, 0, 3190000, 125000, 64, ''),
  ('2025-05-09', 1420000, 1050000, 560000, 340000, 0, 0, 3370000, 110000, 67, ''),
  ('2025-05-10', 1580000, 1120000, 600000, 380000, 0, 0, 3680000, 105000, 74, '주말 매출 증가'),
  ('2025-05-11', 1620000, 1160000, 620000, 400000, 0, 0, 3800000, 90000, 76, '주말 매출 호조'),
  ('2025-05-12', 1350000, 940000, 490000, 290000, 0, 0, 3070000, 120000, 61, ''),
  ('2025-05-13', 1460000, 980000, 520000, 310000, 0, 0, 3270000, 130000, 65, ''),
  ('2025-05-14', 1510000, 1030000, 570000, 330000, 0, 0, 3440000, 115000, 69, ''),
  ('2025-05-15', 1680000, 1200000, 640000, 420000, 0, 0, 3940000, 95000, 79, '중순 급상승'),
  ('2025-05-16', 1700000, 1250000, 680000, 450000, 0, 0, 4080000, 85000, 82, '프로모션 효과'),
  ('2025-05-17', 1750000, 1300000, 700000, 470000, 0, 0, 4220000, 80000, 84, '주말 최고 매출'),
  ('2025-05-18', 1720000, 1280000, 690000, 460000, 0, 0, 4150000, 90000, 83, '주말 호조세 지속'),
  ('2025-05-19', 1430000, 1050000, 550000, 320000, 0, 0, 3350000, 110000, 67, '주초 안정화'),
  ('2025-05-20', 1490000, 1100000, 580000, 340000, 0, 0, 3510000, 100000, 70, '오늘');

-- Create dummy data for apgujeong_sales (압구정곱창)
INSERT INTO apgujeong_sales (date, day_of_week, card_sales, cash_sales, delivery_sales, account_transfer, card_discount, cash_discount, total_sales, customer_count, table_turnover, special_notes, cash_deposit, cash_held, cash_expense, expense_reason, material_order, table_count)
VALUES
  ('2025-05-01', '수', 1250000, 450000, 350000, 100000, 0, 0, 2150000, 105, 5.5, '목살 할인행사', 400000, 50000, 30000, '재료 구매', 650000, 19),
  ('2025-05-02', '목', 1340000, 490000, 320000, 120000, 0, 0, 2270000, 113, 5.9, '', 450000, 40000, 25000, '일상 비용', 720000, 19),
  ('2025-05-03', '금', 1580000, 620000, 380000, 150000, 0, 0, 2730000, 136, 7.2, '금요일 저녁 만석', 600000, 20000, 35000, '청소용품', 750000, 19),
  ('2025-05-04', '토', 1680000, 680000, 370000, 180000, 0, 0, 2910000, 145, 7.6, '주말 만석', 650000, 30000, 40000, '수리비', 800000, 19),
  ('2025-05-05', '일', 1720000, 660000, 390000, 170000, 0, 0, 2940000, 147, 7.7, '어린이날 특별 메뉴', 630000, 30000, 40000, '일상 비용', 780000, 19),
  ('2025-05-06', '월', 1080000, 350000, 320000, 90000, 0, 0, 1840000, 92, 4.8, '평일 시작', 320000, 30000, 20000, '재료 구매', 560000, 19),
  ('2025-05-07', '화', 1150000, 370000, 340000, 100000, 0, 0, 1960000, 98, 5.2, '', 350000, 20000, 25000, '일상 비용', 590000, 19),
  ('2025-05-08', '수', 1210000, 410000, 330000, 110000, 0, 0, 2060000, 103, 5.4, '', 390000, 20000, 30000, '재료 구매', 610000, 19),
  ('2025-05-09', '목', 1330000, 450000, 350000, 120000, 0, 0, 2250000, 112, 5.9, '', 430000, 20000, 25000, '일상 비용', 630000, 19),
  ('2025-05-10', '금', 1600000, 640000, 370000, 160000, 0, 0, 2770000, 138, 7.3, '금요일 저녁 만석', 620000, 20000, 40000, '청소용품', 720000, 19),
  ('2025-05-11', '토', 1695000, 695000, 385000, 175000, 0, 0, 2950000, 147, 7.7, '주말 만석', 670000, 25000, 45000, '수리비', 780000, 19),
  ('2025-05-12', '일', 1650000, 650000, 380000, 170000, 0, 0, 2850000, 142, 7.5, '일요일 특선메뉴', 630000, 20000, 35000, '일상 비용', 750000, 19),
  ('2025-05-13', '월', 1100000, 380000, 330000, 100000, 0, 0, 1910000, 95, 5.0, '평일 시작', 360000, 20000, 25000, '재료 구매', 580000, 19),
  ('2025-05-14', '화', 1180000, 400000, 350000, 110000, 0, 0, 2040000, 102, 5.4, '', 380000, 20000, 30000, '일상 비용', 600000, 19),
  ('2025-05-15', '수', 1240000, 430000, 340000, 120000, 0, 0, 2130000, 106, 5.6, '', 410000, 20000, 35000, '재료 구매', 620000, 19),
  ('2025-05-16', '목', 1350000, 470000, 360000, 130000, 0, 0, 2310000, 115, 6.1, '', 450000, 20000, 30000, '일상 비용', 650000, 19),
  ('2025-05-17', '금', 1620000, 650000, 380000, 170000, 0, 0, 2820000, 141, 7.4, '금요일 저녁 만석', 630000, 20000, 40000, '청소용품', 740000, 19),
  ('2025-05-18', '토', 1710000, 710000, 390000, 180000, 0, 0, 2990000, 149, 7.8, '주말 만석 기록', 690000, 20000, 45000, '수리비', 790000, 19),
  ('2025-05-19', '일', 1670000, 670000, 385000, 175000, 0, 0, 2900000, 145, 7.6, '일요일 특선메뉴', 650000, 20000, 40000, '일상 비용', 770000, 19),
  ('2025-05-20', '월', 1130000, 400000, 340000, 110000, 0, 0, 1980000, 99, 5.2, '평일 시작', 380000, 20000, 30000, '재료 구매', 600000, 19);

-- Create dummy data for geukjin_sales (극진이앤지)
INSERT INTO geukjin_sales (date, gasoline_sales, diesel_sales, kerosene_sales, freight_sales, total_sales, gasoline_cost, diesel_cost, kerosene_cost, freight_cost, total_cost, gasoline_margin, diesel_margin, kerosene_margin, freight_margin, total_margin, growth_rate, notes)
VALUES
  ('2025-05-01', 850000, 720000, 180000, 350000, 2100000, 680000, 550000, 140000, 210000, 1580000, 170000, 170000, 40000, 140000, 520000, 1.5, '월초 공급량 증가'),
  ('2025-05-02', 830000, 740000, 190000, 330000, 2090000, 670000, 570000, 150000, 200000, 1590000, 160000, 170000, 40000, 130000, 500000, 1.3, ''),
  ('2025-05-03', 890000, 780000, 200000, 370000, 2240000, 710000, 600000, 160000, 220000, 1690000, 180000, 180000, 40000, 150000, 550000, 2.1, '주말 매출 증가'),
  ('2025-05-04', 910000, 800000, 210000, 380000, 2300000, 730000, 610000, 165000, 230000, 1735000, 180000, 190000, 45000, 150000, 565000, 2.4, '주말 매출 호조'),
  ('2025-05-05', 800000, 700000, 170000, 320000, 1990000, 640000, 530000, 135000, 190000, 1495000, 160000, 170000, 35000, 130000, 495000, -0.5, '어린이날 주유량 감소'),
  ('2025-05-06', 840000, 730000, 185000, 340000, 2095000, 670000, 550000, 145000, 205000, 1570000, 170000, 180000, 40000, 135000, 525000, 1.4, ''),
  ('2025-05-07', 860000, 750000, 190000, 350000, 2150000, 690000, 570000, 150000, 210000, 1620000, 170000, 180000, 40000, 140000, 530000, 1.6, ''),
  ('2025-05-08', 830000, 720000, 185000, 330000, 2065000, 660000, 550000, 145000, 200000, 1555000, 170000, 170000, 40000, 130000, 510000, 1.2, ''),
  ('2025-05-09', 850000, 740000, 195000, 340000, 2125000, 680000, 560000, 155000, 205000, 1600000, 170000, 180000, 40000, 135000, 525000, 1.5, ''),
  ('2025-05-10', 900000, 790000, 205000, 375000, 2270000, 720000, 600000, 160000, 225000, 1705000, 180000, 190000, 45000, 150000, 565000, 2.2, '주말 매출 증가'),
  ('2025-05-11', 920000, 810000, 210000, 385000, 2325000, 740000, 620000, 165000, 230000, 1755000, 180000, 190000, 45000, 155000, 570000, 2.5, '주말 매출 호조'),
  ('2025-05-12', 810000, 710000, 175000, 325000, 2020000, 650000, 540000, 140000, 195000, 1525000, 160000, 170000, 35000, 130000, 495000, 0.5, ''),
  ('2025-05-13', 845000, 735000, 190000, 345000, 2115000, 675000, 560000, 150000, 210000, 1595000, 170000, 175000, 40000, 135000, 520000, 1.4, ''),
  ('2025-05-14', 865000, 755000, 195000, 355000, 2170000, 695000, 575000, 155000, 215000, 1640000, 170000, 180000, 40000, 140000, 530000, 1.7, ''),
  ('2025-05-15', 880000, 770000, 200000, 365000, 2215000, 705000, 590000, 160000, 220000, 1675000, 175000, 180000, 40000, 145000, 540000, 1.9, ''),
  ('2025-05-16', 910000, 790000, 205000, 375000, 2280000, 730000, 600000, 165000, 225000, 1720000, 180000, 190000, 40000, 150000, 560000, 2.3, '유가 인상 전 주유 증가'),
  ('2025-05-17', 970000, 850000, 220000, 400000, 2440000, 775000, 650000, 175000, 240000, 1840000, 195000, 200000, 45000, 160000, 600000, 3.5, '주말 최고 매출'),
  ('2025-05-18', 960000, 840000, 215000, 395000, 2410000, 770000, 640000, 170000, 235000, 1815000, 190000, 200000, 45000, 160000, 595000, 3.2, '주말 호조세 지속'),
  ('2025-05-19', 830000, 725000, 185000, 335000, 2075000, 665000, 550000, 145000, 200000, 1560000, 165000, 175000, 40000, 135000, 515000, 1.1, '주초 안정화'),
  ('2025-05-20', 850000, 740000, 190000, 350000, 2130000, 680000, 565000, 150000, 210000, 1605000, 170000, 175000, 40000, 140000, 525000, 1.4, '오늘');